"","teamID","yearID","Rostercost","meansalary","rostersize"
"1","ANA",1997,31135472,1004370.06451613,31
"2","ANA",1998,41281000,1214147.05882353,34
"3","ANA",1999,55388166,1384704.15,40
"4","ANA",2000,51464167,1715472.23333333,30
"5","ANA",2001,47535167,1584505.56666667,30
"6","ANA",2002,61721667,2204345.25,28
"7","ANA",2003,79031667,2927098.77777778,27
"8","ANA",2004,100534667,3723506.18518519,27
"9","ARI",1998,32347000,898527.777777778,36
"10","ARI",1999,68703999,2020705.85294118,34
"11","ARI",2000,81027833,2893851.17857143,28
"12","ARI",2001,85082999,3038678.53571429,28
"13","ARI",2002,102819999,3115757.54545455,33
"14","ARI",2003,80657000,3226280,25
"15","ARI",2004,69780750,2406232.75862069,29
"16","ARI",2005,62329166,2308487.62962963,27
"17","ARI",2006,59684226,2295547.15384615,26
"18","ARI",2007,52067546,1859555.21428571,28
"19","ARI",2008,66202712,2364382.57142857,28
"20","ARI",2009,73115666,2812141,26
"21","ARI",2010,60718166,2335314.07692308,26
"22","ARI",2011,53639833,1986660.48148148,27
"23","ARI",2012,73804833,2733512.33333333,27
"24","ARI",2013,90132000,3004400,30
"25","ARI",2014,97861500,3763903.84615385,26
"26","ARI",2015,61834000,2132206.89655172,29
"27","ARI",2016,87439063,3363040.88461538,26
"28","ATL",1985,14807000,673045.454545455,22
"29","ATL",1986,17102786,589751.24137931,29
"30","ATL",1987,16544560,517017.5,32
"31","ATL",1988,12728174,438902.551724138,29
"32","ATL",1989,11112334,370411.133333333,30
"33","ATL",1990,14555501,454859.40625,32
"34","ATL",1991,18403500,736140,25
"35","ATL",1992,34625333,1116946.22580645,31
"36","ATL",1993,41641417,1261861.12121212,33
"37","ATL",1994,49383513,1646117.1,30
"38","ATL",1995,47235445,1628808.44827586,29
"39","ATL",1996,49698500,1656616.66666667,30
"40","ATL",1997,52278500,1686403.22580645,31
"41","ATL",1998,61186000,1912062.5,32
"42","ATL",1999,73140000,2522068.96551724,29
"43","ATL",2000,84537836,2817927.86666667,30
"44","ATL",2001,91936166,2965682.77419355,31
"45","ATL",2002,92870367,3316798.82142857,28
"46","ATL",2003,106243667,3934950.62962963,27
"47","ATL",2004,90182500,3220803.57142857,28
"48","ATL",2005,86457302,3458292.08,25
"49","ATL",2006,90156876,3108857.79310345,29
"50","ATL",2007,87290833,3117529.75,28
"51","ATL",2008,102365683,3412189.43333333,30
"52","ATL",2009,96726166,3335385.03448276,29
"53","ATL",2010,84423666,3126802.44444444,27
"54","ATL",2011,87002692,3346257.38461538,26
"55","ATL",2012,82829942,2856204.89655172,29
"56","ATL",2013,87871525,3254500.92592593,27
"57","ATL",2014,97609000,4067041.66666667,24
"58","ATL",2015,71781250,2990885.41666667,24
"59","ATL",2016,68498291,2362010.03448276,29
"60","BAL",1985,11560712,525486.909090909,22
"61","BAL",1986,13001258,448319.24137931,29
"62","BAL",1987,13900273,463342.433333333,30
"63","BAL",1988,13532075,501187.962962963,27
"64","BAL",1989,8275167,318275.653846154,26
"65","BAL",1990,9680084,261623.891891892,37
"66","BAL",1991,17519000,565129.032258064,31
"67","BAL",1992,23780667,720626.272727273,33
"68","BAL",1993,29096500,909265.625,32
"69","BAL",1994,38849769,1253218.35483871,31
"70","BAL",1995,43942521,1187635.7027027,37
"71","BAL",1996,54490315,1702822.34375,32
"72","BAL",1997,58516400,2017806.89655172,29
"73","BAL",1998,72355634,2411854.46666667,30
"74","BAL",1999,80605863,2303024.65714286,35
"75","BAL",2000,81447435,2808532.24137931,29
"76","BAL",2001,67599540,2331018.62068966,29
"77","BAL",2002,60493487,1890421.46875,32
"78","BAL",2003,73877500,2547500,29
"79","BAL",2004,51623333,1843690.46428571,28
"80","BAL",2005,73914333,2639797.60714286,28
"81","BAL",2006,72585582,2592342.21428571,28
"82","BAL",2007,93174808,3450918.81481481,27
"83","BAL",2008,67196246,2099882.6875,32
"84","BAL",2009,67101666,2580833.30769231,26
"85","BAL",2010,81612500,3138942.30769231,26
"86","BAL",2011,85304038,3280924.53846154,26
"87","BAL",2012,77353999,2762642.82142857,28
"88","BAL",2013,84393333,3245897.42307692,26
"89","BAL",2014,103416000,3693428.57142857,28
"90","BAL",2015,115044833,4108744.03571429,28
"91","BAL",2016,161863456,5581498.48275862,29
"92","BOS",1985,10897560,435902.4,25
"93","BOS",1986,14402239,496628.931034483,29
"94","BOS",1987,10144167,676277.8,15
"95","BOS",1988,13896092,579003.833333333,24
"96","BOS",1989,17481748,672374.923076923,26
"97","BOS",1990,20558333,642447.90625,32
"98","BOS",1991,35167500,1172250,30
"99","BOS",1992,43610584,1406793.03225806,31
"100","BOS",1993,37120583,1197438.16129032,31
"101","BOS",1994,37859084,1261969.46666667,30
"102","BOS",1995,32455518,877176.162162162,37
"103","BOS",1996,42393500,1177597.22222222,36
"104","BOS",1997,43558750,1281139.70588235,34
"105","BOS",1998,56757000,1719909.09090909,33
"106","BOS",1999,63497500,2048306.4516129,31
"107","BOS",2000,77940333,2598011.1,30
"108","BOS",2001,110035833,3438619.78125,32
"109","BOS",2002,108366060,3612202,30
"110","BOS",2003,99946500,3701722.22222222,27
"111","BOS",2004,127298500,4243283.33333333,30
"112","BOS",2005,123505125,4410897.32142857,28
"113","BOS",2006,120099824,4448141.62962963,27
"114","BOS",2007,143026214,5108079.07142857,28
"115","BOS",2008,133390035,4763929.82142857,28
"116","BOS",2009,121345999,4184344.79310345,29
"117","BOS",2010,162447333,5601632.17241379,29
"118","BOS",2011,161762475,5991202.77777778,27
"119","BOS",2012,173186617,5093724.02941176,34
"120","BOS",2013,151530000,5225172.4137931,29
"121","BOS",2014,139019929,4484513.83870968,31
"122","BOS",2015,181103400,5659481.25,32
"123","BOS",2016,188545761,6501577.96551724,29
"124","CAL",1985,14427894,515281.928571429,28
"125","CAL",1986,14427258,497491.655172414,29
"126","CAL",1987,12843499,475685.148148148,27
"127","CAL",1988,11947388,426692.428571429,28
"128","CAL",1989,15097833,580685.884615385,26
"129","CAL",1990,21720000,620571.428571429,35
"130","CAL",1991,33060001,1066451.64516129,31
"131","CAL",1992,34749334,1158311.13333333,30
"132","CAL",1993,28588334,893385.4375,32
"133","CAL",1994,25156218,786131.8125,32
"134","CAL",1995,31223171,946156.696969697,33
"135","CAL",1996,28738000,776702.702702703,37
"136","CHA",1985,9846178,468865.619047619,21
"137","CHA",1986,10418819,336090.935483871,31
"138","CHA",1987,10641843,443410.125,24
"139","CHA",1988,6390000,266250,24
"140","CHA",1989,7265410,290616.4,25
"141","CHA",1990,9491500,306177.419354839,31
"142","CHA",1991,16919667,604273.821428571,28
"143","CHA",1992,30160833,1005361.1,30
"144","CHA",1993,39696166,1280521.48387097,31
"145","CHA",1994,39183836,1306127.86666667,30
"146","CHA",1995,46961282,1341750.91428571,35
"147","CHA",1996,45139500,1612125,28
"148","CHA",1997,57740000,1603888.88888889,36
"149","CHA",1998,38335000,1161666.66666667,33
"150","CHA",1999,25620000,800625,32
"151","CHA",2000,31133500,1073568.96551724,29
"152","CHA",2001,65653667,2431617.2962963,27
"153","CHA",2002,57052833,2113067.88888889,27
"154","CHA",2003,51010000,1961923.07692308,26
"155","CHA",2004,65212500,2508173.07692308,26
"156","CHA",2005,75178000,2784370.37037037,27
"157","CHA",2006,102750667,3951948.73076923,26
"158","CHA",2007,108671833,4179685.88461538,26
"159","CHA",2008,121189332,4488493.77777778,27
"160","CHA",2009,96068500,3694942.30769231,26
"161","CHA",2010,105530000,4058846.15384615,26
"162","CHA",2011,127789000,4732925.92592593,27
"163","CHA",2012,96919500,3876780,25
"164","CHA",2013,120065277,4288045.60714286,28
"165","CHA",2014,81830500,3409604.16666667,24
"166","CHA",2015,112373700,4161988.88888889,27
"167","CHA",2016,112998667,4519946.68,25
"168","CHN",1985,12702917,577405.318181818,22
"169","CHN",1986,17208165,555102.096774194,31
"170","CHN",1987,14307999,550307.653846154,26
"171","CHN",1988,13119198,524767.92,25
"172","CHN",1989,10668000,444500,24
"173","CHN",1990,13624000,439483.870967742,31
"174","CHN",1991,23175667,927026.68,25
"175","CHN",1992,29829686,1065345.92857143,28
"176","CHN",1993,39386666,1230833.3125,32
"177","CHN",1994,36287333,1170559.12903226,31
"178","CHN",1995,29505834,922057.3125,32
"179","CHN",1996,33081000,1002454.54545455,33
"180","CHN",1997,42155333,1317354.15625,32
"181","CHN",1998,50838000,1639935.48387097,31
"182","CHN",1999,62343000,1684945.94594595,37
"183","CHN",2000,60539333,2017977.76666667,30
"184","CHN",2001,64715833,2396882.7037037,27
"185","CHN",2002,75690833,2703244.03571429,28
"186","CHN",2003,79868333,2852440.46428571,28
"187","CHN",2004,90560000,3122758.62068966,29
"188","CHN",2005,87032933,3108319.03571429,28
"189","CHN",2006,94424499,3372303.53571429,28
"190","CHN",2007,99670332,3691493.77777778,27
"191","CHN",2008,118345833,4383179,27
"192","CHN",2009,134809000,5392360,25
"193","CHN",2010,146609000,5429962.96296296,27
"194","CHN",2011,125047329,5001893.16,25
"195","CHN",2012,88197033,3392193.57692308,26
"196","CHN",2013,100567726,3867989.46153846,26
"197","CHN",2014,65522500,2426759.25925926,27
"198","CHN",2015,115879310,4138546.78571429,28
"199","CHN",2016,154067668,5312678.20689655,29
"200","CIN",1985,8359917,379996.227272727,22
"201","CIN",1986,11906388,396879.6,30
"202","CIN",1987,9281500,356980.769230769,26
"203","CIN",1988,8888409,355536.36,25
"204","CIN",1989,11072000,381793.103448276,29
"205","CIN",1990,14370000,422647.058823529,34
"206","CIN",1991,26305333,1011743.57692308,26
"207","CIN",1992,35931499,1330796.25925926,27
"208","CIN",1993,44879666,1359989.87878788,33
"209","CIN",1994,40961833,1321349.4516129,31
"210","CIN",1995,43144670,1268960.88235294,34
"211","CIN",1996,42526334,1215038.11428571,35
"212","CIN",1997,49768000,1244200,40
"213","CIN",1998,23005000,676617.647058823,34
"214","CIN",1999,33962761,1095572.93548387,31
"215","CIN",2000,46867200,1735822.22222222,27
"216","CIN",2001,48986000,1814296.2962963,27
"217","CIN",2002,45050390,1501679.66666667,30
"218","CIN",2003,59355667,2119845.25,28
"219","CIN",2004,46615250,1664830.35714286,28
"220","CIN",2005,61892583,2063086.1,30
"221","CIN",2006,60909519,2175339.96428571,28
"222","CIN",2007,68524980,2210483.22580645,31
"223","CIN",2008,74117695,2647060.53571429,28
"224","CIN",2009,73558500,3198195.65217391,23
"225","CIN",2010,71761542,2760059.30769231,26
"226","CIN",2011,75947134,2531571.13333333,30
"227","CIN",2012,82203616,2935843.42857143,28
"228","CIN",2013,106404462,4256178.48,25
"229","CIN",2014,108217500,3864910.71428571,28
"230","CIN",2015,113072286,4187862.44444444,27
"231","CIN",2016,88940059,3066898.5862069,29
"232","CLE",1985,6551666,327583.3,20
"233","CLE",1986,7809500,251919.35483871,31
"234","CLE",1987,8513750,304062.5,28
"235","CLE",1988,8936500,406204.545454545,22
"236","CLE",1989,9094500,336833.333333333,27
"237","CLE",1990,14487000,439000,33
"238","CLE",1991,17635000,587833.333333333,30
"239","CLE",1992,9373044,267801.257142857,35
"240","CLE",1993,18561000,464025,40
"241","CLE",1994,30490500,871157.142857143,35
"242","CLE",1995,37937835,1083938.14285714,35
"243","CLE",1996,48107360,1551850.32258065,31
"244","CLE",1997,56802460,1832337.41935484,31
"245","CLE",1998,60800166,1842429.27272727,33
"246","CLE",1999,72978462,1920485.84210526,38
"247","CLE",2000,75880771,2918491.19230769,26
"248","CLE",2001,93152001,3105066.7,30
"249","CLE",2002,78909449,2630314.96666667,30
"250","CLE",2003,48584834,1567252.70967742,31
"251","CLE",2004,34319300,1143976.66666667,30
"252","CLE",2005,41502500,1431120.68965517,29
"253","CLE",2006,56031500,2241260,25
"254","CLE",2007,61673267,2126664.37931034,29
"255","CLE",2008,78970066,3037310.23076923,26
"256","CLE",2009,81579166,3021450.59259259,27
"257","CLE",2010,61203966,2110481.5862069,29
"258","CLE",2011,48776566,1681950.55172414,29
"259","CLE",2012,78430300,2704493.10344828,29
"260","CLE",2013,75771800,2706135.71428571,28
"261","CLE",2014,82151899,3159688.42307692,26
"262","CLE",2015,87663766,3022888.48275862,29
"263","CLE",2016,74311900,2752292.59259259,27
"264","COL",1993,10353500,313742.424242424,33
"265","COL",1994,23887333,702568.617647059,34
"266","COL",1995,34154717,948742.138888889,36
"267","COL",1996,40179823,1296123.32258065,31
"268","COL",1997,43559667,1451988.9,30
"269","COL",1998,50484648,1682821.6,30
"270","COL",1999,61935837,1821642.26470588,34
"271","COL",2000,61111190,2182542.5,28
"272","COL",2001,71541334,2751589.76923077,26
"273","COL",2002,56851043,2105594.18518519,27
"274","COL",2003,67179667,2239322.23333333,30
"275","COL",2004,65445167,2337327.39285714,28
"276","COL",2005,47839000,1649620.68965517,29
"277","COL",2006,41233000,1288531.25,32
"278","COL",2007,54041000,2078500,26
"279","COL",2008,68655500,2640596.15384615,26
"280","COL",2009,75201000,2785222.22222222,27
"281","COL",2010,84227000,2904379.31034483,29
"282","COL",2011,88148071,3390310.42307692,26
"283","COL",2012,78069571,2692054.17241379,29
"284","COL",2013,74409071,2976362.84,25
"285","COL",2014,95403500,3180116.66666667,30
"286","COL",2015,95688600,3827544,25
"287","COL",2016,112645071,3413487,33
"288","DET",1985,10348143,517407.15,20
"289","DET",1986,12335714,456878.296296296,27
"290","DET",1987,12122881,527081.782608696,23
"291","DET",1988,12869571,559546.565217391,23
"292","DET",1989,15146404,582554,26
"293","DET",1990,17593238,533128.424242424,33
"294","DET",1991,23838333,953533.32,25
"295","DET",1992,27322834,975815.5,28
"296","DET",1993,38150165,1230650.48387097,31
"297","DET",1994,41446501,1336983.90322581,31
"298","DET",1995,37044168,1122550.54545455,33
"299","DET",1996,23438000,732437.5,32
"300","DET",1997,17272000,595586.206896552,29
"301","DET",1998,24065000,687571.428571429,35
"302","DET",1999,36489666,1073225.47058824,34
"303","DET",2000,58265167,2157969.14814815,27
"304","DET",2001,53416167,1907720.25,28
"305","DET",2002,55048000,1966000,28
"306","DET",2003,49168000,1891076.92307692,26
"307","DET",2004,46832000,1672571.42857143,28
"308","DET",2005,69092000,2467571.42857143,28
"309","DET",2006,82612866,2950459.5,28
"310","DET",2007,94800369,3268978.24137931,29
"311","DET",2008,137685196,4589506.53333333,30
"312","DET",2009,115085145,4110183.75,28
"313","DET",2010,122864928,4550552.88888889,27
"314","DET",2011,105700231,3914823.37037037,27
"315","DET",2012,132300000,4562068.96551724,29
"316","DET",2013,145989500,6082895.83333333,24
"317","DET",2014,152855500,6645891.30434783,23
"318","DET",2015,172284750,6891390,25
"319","DET",2016,194876481,6286338.09677419,31
"320","FLO",1993,19330545,568545.441176471,34
"321","FLO",1994,21633000,584675.675675676,37
"322","FLO",1995,24515781,662588.675675676,37
"323","FLO",1996,31022500,969453.125,32
"324","FLO",1997,48692500,1570725.80645161,31
"325","FLO",1998,41322667,1033066.675,40
"326","FLO",1999,21085000,585694.444444444,36
"327","FLO",2000,19872000,709714.285714286,28
"328","FLO",2001,35762500,1153629.03225806,31
"329","FLO",2002,41979917,1499282.75,28
"330","FLO",2003,49450000,1648333.33333333,30
"331","FLO",2004,42143042,1560853.40740741,27
"332","FLO",2005,60408834,2237364.22222222,27
"333","FLO",2006,14671500,586860,25
"334","FLO",2007,30507000,984096.774193548,31
"335","FLO",2008,21811500,660954.545454545,33
"336","FLO",2009,36834000,1315500,28
"337","FLO",2010,57029719,2112211.81481481,27
"338","FLO",2011,56944000,2190153.84615385,26
"339","HOU",1985,9993051,499652.55,20
"340","HOU",1986,9873276,411386.5,24
"341","HOU",1987,12608371,450298.964285714,28
"342","HOU",1988,12286167,472544.884615385,26
"343","HOU",1989,15029500,556648.148148148,27
"344","HOU",1990,18330000,591290.322580645,31
"345","HOU",1991,12852500,514100,25
"346","HOU",1992,15407500,513583.333333333,30
"347","HOU",1993,30210500,1041741.37931034,29
"348","HOU",1994,33126000,1003818.18181818,33
"349","HOU",1995,34169834,949162.055555556,36
"350","HOU",1996,28487000,918935.483870968,31
"351","HOU",1997,34777500,1121854.83870968,31
"352","HOU",1998,42374000,1324187.5,32
"353","HOU",1999,54914000,1716062.5,32
"354","HOU",2000,51289111,1899596.7037037,27
"355","HOU",2001,60612667,2164738.10714286,28
"356","HOU",2002,63448417,2349941.37037037,27
"357","HOU",2003,71040000,2732307.69230769,26
"358","HOU",2004,75397000,3015880,25
"359","HOU",2005,76779000,2953038.46153846,26
"360","HOU",2006,88694435,3547777.4,25
"361","HOU",2007,87759000,3250333.33333333,27
"362","HOU",2008,88930414,3293719.03703704,27
"363","HOU",2009,102996414,3814682,27
"364","HOU",2010,92355500,3298410.71428571,28
"365","HOU",2011,70694000,2437724.13793103,29
"366","HOU",2012,60651000,2332730.76923077,26
"367","HOU",2013,17890700,813213.636363636,22
"368","HOU",2014,35116300,1755815,20
"369","HOU",2015,72256200,2580578.57142857,28
"370","HOU",2016,94893700,3389060.71428571,28
"371","KCA",1985,9321179,423689.954545455,22
"372","KCA",1986,13043698,465846.357142857,28
"373","KCA",1987,11828056,438076.148148148,27
"374","KCA",1988,14556562,559867.769230769,26
"375","KCA",1989,18683568,691984,27
"376","KCA",1990,23361084,667459.542857143,35
"377","KCA",1991,26319834,1253325.42857143,21
"378","KCA",1992,33893834,1210494.07142857,28
"379","KCA",1993,41346167,1292067.71875,32
"380","KCA",1994,40541334,1501530.88888889,27
"381","KCA",1995,29532834,738320.85,40
"382","KCA",1996,20281250,614583.333333333,33
"383","KCA",1997,34655000,936621.621621622,37
"384","KCA",1998,36862500,945192.307692308,39
"385","KCA",1999,26225000,708783.783783784,37
"386","KCA",2000,23433000,836892.857142857,28
"387","KCA",2001,35422500,1265089.28571429,28
"388","KCA",2002,47257000,1629551.72413793,29
"389","KCA",2003,40518000,1558384.61538462,26
"390","KCA",2004,47609000,1586966.66666667,30
"391","KCA",2005,36881000,1365962.96296296,27
"392","KCA",2006,47294000,1630827.5862069,29
"393","KCA",2007,67116500,2165048.38709677,31
"394","KCA",2008,58245500,2240211.53846154,26
"395","KCA",2009,70519333,2712282.03846154,26
"396","KCA",2010,71405210,2644637.40740741,27
"397","KCA",2011,35712000,1373538.46153846,26
"398","KCA",2012,60916225,2030540.83333333,30
"399","KCA",2013,80091725,2966360.18518519,27
"400","KCA",2014,74594075,2983763,25
"401","KCA",2015,112107025,4152112.03703704,27
"402","KCA",2016,131487125,4534038.79310345,29
"403","LAA",2005,94867822,3271304.20689655,29
"404","LAA",2006,103472000,4138880,25
"405","LAA",2007,109251333,3641711.1,30
"406","LAA",2008,119216333,4110908.03448276,29
"407","LAA",2009,113709000,4061035.71428571,28
"408","LAA",2010,104963866,3619443.65517241,29
"409","LAA",2011,138543166,4469134.38709677,31
"410","LAA",2012,154485166,5327074.68965517,29
"411","LAA",2013,124174750,4775951.92307692,26
"412","LAA",2014,121988250,4518083.33333333,27
"413","LAA",2015,120005415,4444645,27
"414","LAA",2016,137251333,5278897.42307692,26
"415","LAN",1985,10967917,476865.956521739,23
"416","LAN",1986,14913776,466055.5,32
"417","LAN",1987,13675403,488407.25,28
"418","LAN",1988,16850515,561683.833333333,30
"419","LAN",1989,21071562,679727.806451613,31
"420","LAN",1990,21318704,609105.828571429,35
"421","LAN",1991,32790664,1093022.13333333,30
"422","LAN",1992,44788166,1544419.51724138,29
"423","LAN",1993,39331999,1229124.96875,32
"424","LAN",1994,38000001,1225806.48387097,31
"425","LAN",1995,39273201,1061437.86486486,37
"426","LAN",1996,35355000,1104843.75,32
"427","LAN",1997,45380304,1512676.8,30
"428","LAN",1998,48820000,1435882.35294118,34
"429","LAN",1999,80862453,2378307.44117647,34
"430","LAN",2000,87924286,3381703.30769231,26
"431","LAN",2001,109105953,3762274.24137931,29
"432","LAN",2002,94850953,3648113.57692308,26
"433","LAN",2003,105572620,4222904.8,25
"434","LAN",2004,92902001,3440814.85185185,27
"435","LAN",2005,83039000,2767966.66666667,30
"436","LAN",2006,98447187,3515970.96428571,28
"437","LAN",2007,108454524,3739811.17241379,29
"438","LAN",2008,118588536,4089259.86206897,29
"439","LAN",2009,100414592,4016583.68,25
"440","LAN",2010,95358016,3531778.37037037,27
"441","LAN",2011,104188999,3472966.63333333,30
"442","LAN",2012,95143575,3171452.5,30
"443","LAN",2013,223362196,6980068.625,32
"444","LAN",2014,217014600,6781706.25,32
"445","LAN",2015,215792000,7441103.44827586,29
"446","LAN",2016,221288380,6322525.14285714,35
"447","MIA",2012,118078000,4373259.25925926,27
"448","MIA",2013,33601900,1400079.16666667,24
"449","MIA",2014,41836900,1549514.81481481,27
"450","MIA",2015,68056500,2835687.5,24
"451","MIA",2016,77314202,2761221.5,28
"452","MIL",1998,33914904,997497.176470588,34
"453","MIL",1999,43377395,1355543.59375,32
"454","MIL",2000,36505333,1140791.65625,32
"455","MIL",2001,43886833,1567386.89285714,28
"456","MIL",2002,50287833,1734063.20689655,29
"457","MIL",2003,40627000,1400931.03448276,29
"458","MIL",2004,27528500,1101140,25
"459","MIL",2005,39934833,1597393.32,25
"460","MIL",2006,57568333,2214166.65384615,26
"461","MIL",2007,70986500,2629129.62962963,27
"462","MIL",2008,80937499,2790948.24137931,29
"463","MIL",2009,80182502,3083942.38461538,26
"464","MIL",2010,81108278,2796837.17241379,29
"465","MIL",2011,85497333,2849911.1,30
"466","MIL",2012,97653944,3755920.92307692,26
"467","MIL",2013,76947033,3077881.32,25
"468","MIL",2014,101217000,3748777.77777778,27
"469","MIL",2015,100850000,3477586.20689655,29
"470","MIL",2016,68775237,2292507.9,30
"471","MIN",1985,5764821,303411.631578947,19
"472","MIN",1986,8748167,397643.954545455,22
"473","MIN",1987,6397500,710833.333333333,9
"474","MIN",1988,12462666,541855.043478261,23
"475","MIN",1989,15531666,621266.64,25
"476","MIN",1990,14602000,405611.111111111,36
"477","MIN",1991,23361833,973409.708333333,24
"478","MIN",1992,28027834,1000994.07142857,28
"479","MIN",1993,28217933,855088.878787879,33
"480","MIN",1994,28438500,947950,30
"481","MIN",1995,25410500,770015.151515151,33
"482","MIN",1996,23117000,700515.151515151,33
"483","MIN",1997,34072500,1099112.90322581,31
"484","MIN",1998,27927500,963017.24137931,29
"485","MIN",1999,21257500,733017.24137931,29
"486","MIN",2000,16519500,635365.384615385,26
"487","MIN",2001,24130000,893703.703703704,27
"488","MIN",2002,40425000,1497222.22222222,27
"489","MIN",2003,55505000,2134807.69230769,26
"490","MIN",2004,53585000,2060961.53846154,26
"491","MIN",2005,56186000,2080962.96296296,27
"492","MIN",2006,63396006,2438307.92307692,26
"493","MIN",2007,71439500,2551410.71428571,28
"494","MIN",2008,56932766,2277310.64,25
"495","MIN",2009,65299266,2251698.82758621,29
"496","MIN",2010,97559166,3484255.92857143,28
"497","MIN",2011,112737000,4509480,25
"498","MIN",2012,94085000,3484629.62962963,27
"499","MIN",2013,75337500,2790277.77777778,27
"500","MIN",2014,83762500,3102314.81481481,27
"501","MIN",2015,107755000,4310200,25
"502","MIN",2016,102583200,4274300,24
"503","ML4",1985,11284107,593900.368421053,19
"504","ML4",1986,9943642,355130.071428571,28
"505","ML4",1987,7293224,260472.285714286,28
"506","ML4",1988,8402000,381909.090909091,22
"507","ML4",1989,11533000,384433.333333333,30
"508","ML4",1990,19719167,532950.459459459,37
"509","ML4",1991,23115500,1005021.73913043,23
"510","ML4",1992,31013667,1148654.33333333,27
"511","ML4",1993,23806834,721419.212121212,33
"512","ML4",1994,24350500,785500,31
"513","ML4",1995,17798825,508537.857142857,35
"514","ML4",1996,21730000,639117.647058823,34
"515","ML4",1997,23655338,695745.235294118,34
"516","MON",1985,9470166,473508.3,20
"517","MON",1986,11103600,346987.5,32
"518","MON",1987,6942052,289252.166666667,24
"519","MON",1988,9603333,384133.32,25
"520","MON",1989,13807389,493121.035714286,28
"521","MON",1990,16586388,535044.774193548,31
"522","MON",1991,10732333,631313.705882353,17
"523","MON",1992,15822334,586012.37037037,27
"524","MON",1993,18899333,484598.282051282,39
"525","MON",1994,19098000,682071.428571429,28
"526","MON",1995,12364000,374666.666666667,33
"527","MON",1996,16264500,524661.290322581,31
"528","MON",1997,19295500,622435.483870968,31
"529","MON",1998,10641500,322469.696969697,33
"530","MON",1999,17903000,511514.285714286,35
"531","MON",2000,32994333,1137735.62068966,29
"532","MON",2001,35159500,1134177.41935484,31
"533","MON",2002,38670500,1381089.28571429,28
"534","MON",2003,51948500,1998019.23076923,26
"535","MON",2004,40897500,1410258.62068966,29
"536","NYA",1985,14238204,711910.2,20
"537","NYA",1986,18494253,660509.035714286,28
"538","NYA",1987,17099714,488563.257142857,35
"539","NYA",1988,19441152,648038.4,30
"540","NYA",1989,17114375,552076.612903226,31
"541","NYA",1990,20912318,633706.606060606,33
"542","NYA",1991,27344168,976577.428571429,28
"543","NYA",1992,37543334,1137676.78787879,33
"544","NYA",1993,42624900,1291663.63636364,33
"545","NYA",1994,45731334,1576942.55172414,29
"546","NYA",1995,48874851,1437495.61764706,34
"547","NYA",1996,54191792,1593876.23529412,34
"548","NYA",1997,62241545,2146260.17241379,29
"549","NYA",1998,66806867,2087714.59375,32
"550","NYA",1999,86734359,2990839.96551724,29
"551","NYA",2000,92338260,3297795,28
"552","NYA",2001,112287143,3622165.90322581,31
"553","NYA",2002,125928583,4342364.93103448,29
"554","NYA",2003,152749814,5455350.5,28
"555","NYA",2004,184193950,6351515.51724138,29
"556","NYA",2005,208306817,8011800.65384615,26
"557","NYA",2006,194663079,6952252.82142857,28
"558","NYA",2007,189259045,6759251.60714286,28
"559","NYA",2008,207896789,6929892.96666667,30
"560","NYA",2009,201449189,7748045.73076923,26
"561","NYA",2010,206333389,8253335.56,25
"562","NYA",2011,202275028,6975000.96551724,29
"563","NYA",2012,196522289,6776630.65517241,29
"564","NYA",2013,231978886,7483189.87096774,31
"565","NYA",2014,197543907,8230996.125,24
"566","NYA",2015,212751957,7336274.37931035,29
"567","NYA",2016,222997792,7689579.03448276,29
"568","NYN",1985,10834762,515941.047619048,21
"569","NYN",1986,15393714,549775.5,28
"570","NYN",1987,13846714,553868.56,25
"571","NYN",1988,15269314,610772.56,25
"572","NYN",1989,19885071,710181.107142857,28
"573","NYN",1990,21722834,678838.5625,32
"574","NYN",1991,32590001,1253461.57692308,26
"575","NYN",1992,44602002,1715461.61538462,26
"576","NYN",1993,39043667,1301455.56666667,30
"577","NYN",1994,30956583,998599.451612903,31
"578","NYN",1995,27674992,674999.804878049,41
"579","NYN",1996,24479500,741803.03030303,33
"580","NYN",1997,39800400,1137154.28571429,35
"581","NYN",1998,52077999,1578121.18181818,33
"582","NYN",1999,65092092,2099744.90322581,31
"583","NYN",2000,79509776,3180391.04,25
"584","NYN",2001,93174428,3212911.31034483,29
"585","NYN",2002,94633593,3639753.57692308,26
"586","NYN",2003,116876429,4174158.17857143,28
"587","NYN",2004,96660970,3452177.5,28
"588","NYN",2005,101305821,3752067.44444444,27
"589","NYN",2006,101084963,3743887.51851852,27
"590","NYN",2007,115231663,3841055.43333333,30
"591","NYN",2008,137793376,4593112.53333333,30
"592","NYN",2009,149373987,5334785.25,28
"593","NYN",2010,134422942,4800819.35714286,28
"594","NYN",2011,118847309,4401752.18518519,27
"595","NYN",2012,93353983,3457554.92592593,27
"596","NYN",2013,49448346,1648278.2,30
"597","NYN",2014,85556990,3168777.40740741,27
"598","NYN",2015,96766683,3870667.32,25
"599","NYN",2016,133889129,4958856.62962963,27
"600","OAK",1985,9058606,431362.19047619,21
"601","OAK",1986,9779421,315465.193548387,31
"602","OAK",1987,11680839,449263.038461538,26
"603","OAK",1988,9690000,421304.347826087,23
"604","OAK",1989,15613070,624522.8,25
"605","OAK",1990,19887501,584926.5,34
"606","OAK",1991,36999167,1423044.88461538,26
"607","OAK",1992,41035000,1282343.75,32
"608","OAK",1993,37812333,1050342.58333333,36
"609","OAK",1994,34172500,1035530.3030303,33
"610","OAK",1995,37739225,1019979.05405405,37
"611","OAK",1996,21243000,574135.135135135,37
"612","OAK",1997,24018500,615858.974358974,39
"613","OAK",1998,21303000,608657.142857143,35
"614","OAK",1999,24431833,814394.433333333,30
"615","OAK",2000,31971333,1184123.44444444,27
"616","OAK",2001,33810750,1252250,27
"617","OAK",2002,40004167,1481635.81481481,27
"618","OAK",2003,50260834,1933109,26
"619","OAK",2004,59425667,2122345.25,28
"620","OAK",2005,55425762,2131760.07692308,26
"621","OAK",2006,62243079,2489723.16,25
"622","OAK",2007,79366940,2834533.57142857,28
"623","OAK",2008,47967126,1713111.64285714,28
"624","OAK",2009,61910000,2292962.96296296,27
"625","OAK",2010,55254900,1726715.625,32
"626","OAK",2011,66536500,2376303.57142857,28
"627","OAK",2012,55372500,1845750,30
"628","OAK",2013,60132500,1939758.06451613,31
"629","OAK",2014,72408400,2784938.46153846,26
"630","OAK",2015,79053501,2823339.32142857,28
"631","OAK",2016,86806234,2893541.13333333,30
"632","PHI",1985,10124966,532892.947368421,19
"633","PHI",1986,11590166,373876.322580645,31
"634","PHI",1987,11514233,479759.708333333,24
"635","PHI",1988,13838000,532230.769230769,26
"636","PHI",1989,10604000,407846.153846154,26
"637","PHI",1990,13173667,439122.233333333,30
"638","PHI",1991,22487332,749577.733333333,30
"639","PHI",1992,24383834,812794.466666667,30
"640","PHI",1993,28538334,891822.9375,32
"641","PHI",1994,31599000,987468.75,32
"642","PHI",1995,30555945,783485.769230769,39
"643","PHI",1996,34314500,798011.627906977,43
"644","PHI",1997,36656500,916412.5,40
"645","PHI",1998,36297500,1037071.42857143,35
"646","PHI",1999,31692500,932132.352941177,34
"647","PHI",2000,47308000,1631310.34482759,29
"648","PHI",2001,41663833,1602455.11538462,26
"649","PHI",2002,57954999,2069821.39285714,28
"650","PHI",2003,70780000,2440689.65517241,29
"651","PHI",2004,92919167,3573814.11538462,26
"652","PHI",2005,95522000,3673923.07692308,26
"653","PHI",2006,88273333,3269382.7037037,27
"654","PHI",2007,89428213,2980940.43333333,30
"655","PHI",2008,97879880,3495710,28
"656","PHI",2009,113004046,4185335.03703704,27
"657","PHI",2010,141928379,5068870.67857143,28
"658","PHI",2011,172976379,5765879.3,30
"659","PHI",2012,174538938,5817964.6,30
"660","PHI",2013,169863189,6533199.57692308,26
"661","PHI",2014,180944967,5654530.21875,32
"662","PHI",2015,111693000,4295884.61538462,26
"663","PHI",2016,58980000,2033793.10344828,29
"664","PIT",1985,9227500,485657.894736842,19
"665","PIT",1986,10843500,373913.793103448,29
"666","PIT",1987,7652000,306080,25
"667","PIT",1988,5998500,222166.666666667,27
"668","PIT",1989,12737500,439224.137931034,29
"669","PIT",1990,15556000,432111.111111111,36
"670","PIT",1991,23634667,875358.037037037,27
"671","PIT",1992,33944167,1212291.67857143,28
"672","PIT",1993,24822467,752195.96969697,33
"673","PIT",1994,24217250,712272.058823529,34
"674","PIT",1995,18355345,556222.575757576,33
"675","PIT",1996,23017500,657642.857142857,35
"676","PIT",1997,10771667,307761.914285714,35
"677","PIT",1998,15065000,430428.571428571,35
"678","PIT",1999,24697666,649938.578947368,38
"679","PIT",2000,28928334,1112628.23076923,26
"680","PIT",2001,57760833,1863252.67741935,31
"681","PIT",2002,42323599,1459434.44827586,29
"682","PIT",2003,54812429,1957586.75,28
"683","PIT",2004,32227929,1193627,27
"684","PIT",2005,38133000,1361892.85714286,28
"685","PIT",2006,46717750,1668491.07142857,28
"686","PIT",2007,38537833,1427327.14814815,27
"687","PIT",2008,48689783,1872683.96153846,26
"688","PIT",2009,48693000,1872807.69230769,26
"689","PIT",2010,34943000,1294185.18518519,27
"690","PIT",2011,45047000,1553344.82758621,29
"691","PIT",2012,62951999,2248285.67857143,28
"692","PIT",2013,77062000,2752214.28571429,28
"693","PIT",2014,77178000,2756357.14285714,28
"694","PIT",2015,88892499,3065258.5862069,29
"695","PIT",2016,103778833,3706386.89285714,28
"696","SDN",1985,11036583,501662.863636364,22
"697","SDN",1986,11380693,455227.72,25
"698","SDN",1987,11065796,409844.296296296,27
"699","SDN",1988,9561002,354111.185185185,27
"700","SDN",1989,14195000,525740.740740741,27
"701","SDN",1990,17588334,549635.4375,32
"702","SDN",1991,22150001,738333.366666667,30
"703","SDN",1992,26854167,959077.392857143,28
"704","SDN",1993,25511333,750333.323529412,34
"705","SDN",1994,14916333,426180.942857143,35
"706","SDN",1995,26382334,851043.032258064,31
"707","SDN",1996,28348172,944939.066666667,30
"708","SDN",1997,37363672,1288402.48275862,29
"709","SDN",1998,46861500,1562050,30
"710","SDN",1999,49768179,1508126.63636364,33
"711","SDN",2000,54821000,1827366.66666667,30
"712","SDN",2001,39182833,1399386.89285714,28
"713","SDN",2002,41425000,1428448.27586207,29
"714","SDN",2003,45210000,1507000,30
"715","SDN",2004,55384833,2130185.88461538,26
"716","SDN",2005,63290833,2260386.89285714,28
"717","SDN",2006,69896141,2496290.75,28
"718","SDN",2007,58110567,2235021.80769231,26
"719","SDN",2008,73677616,2376697.29032258,31
"720","SDN",2009,43333700,1604951.85185185,27
"721","SDN",2010,37799300,1453819.23076923,26
"722","SDN",2011,45869140,1479649.67741935,31
"723","SDN",2012,55244700,1973025,28
"724","SDN",2013,65585500,2342339.28571429,28
"725","SDN",2014,75685700,2703060.71428571,28
"726","SDN",2015,118441300,4555434.61538462,26
"727","SDN",2016,101424814,3756474.59259259,27
"728","SEA",1985,4613000,256277.777777778,18
"729","SEA",1986,5958309,229165.730769231,26
"730","SEA",1987,2263500,251500,9
"731","SEA",1988,7342450,282401.923076923,26
"732","SEA",1989,9779500,407479.166666667,24
"733","SEA",1990,12553667,369225.5,34
"734","SEA",1991,15691833,603532.038461538,26
"735","SEA",1992,23179833,799304.586206897,29
"736","SEA",1993,32696333,990797.96969697,33
"737","SEA",1994,29228500,885712.121212121,33
"738","SEA",1995,36481311,1042323.17142857,35
"739","SEA",1996,41328501,1215544.14705882,34
"740","SEA",1997,41540661,1298145.65625,32
"741","SEA",1998,54087036,1423343.05263158,38
"742","SEA",1999,54125003,1503472.30555556,36
"743","SEA",2000,58915000,2265961.53846154,26
"744","SEA",2001,74720834,2668601.21428571,28
"745","SEA",2002,80282668,3211306.72,25
"746","SEA",2003,86959167,3220709.88888889,27
"747","SEA",2004,81515834,2911279.78571429,28
"748","SEA",2005,87754334,2742322.9375,32
"749","SEA",2006,87959833,3257771.59259259,27
"750","SEA",2007,106460833,3942993.81481481,27
"751","SEA",2008,117666482,4525633.92307692,26
"752","SEA",2009,98904166,3532291.64285714,28
"753","SEA",2010,86510000,3089642.85714286,28
"754","SEA",2011,86110600,2969331.03448276,29
"755","SEA",2012,81978100,2927789.28571429,28
"756","SEA",2013,74005043,2846347.80769231,26
"757","SEA",2014,92531100,3701244,25
"758","SEA",2015,122208700,4888348,25
"759","SEA",2016,135683339,4845833.53571429,28
"760","SFN",1985,8221714,411085.7,20
"761","SFN",1986,8947000,319535.714285714,28
"762","SFN",1987,7290000,316956.52173913,23
"763","SFN",1988,12380000,495200,25
"764","SFN",1989,14962834,534386.928571429,28
"765","SFN",1990,19335333,568686.264705882,34
"766","SFN",1991,30967666,1191064.07692308,26
"767","SFN",1992,33163168,1326526.72,25
"768","SFN",1993,35050000,1130645.16129032,31
"769","SFN",1994,42638666,1332458.3125,32
"770","SFN",1995,36462777,934943,39
"771","SFN",1996,37144725,1061277.85714286,35
"772","SFN",1997,35592378,1112261.8125,32
"773","SFN",1998,42565834,1520208.35714286,28
"774","SFN",1999,46595057,1606726.10344828,29
"775","SFN",2000,53737826,2066839.46153846,26
"776","SFN",2001,63280167,2343709.88888889,27
"777","SFN",2002,78299835,2899993.88888889,27
"778","SFN",2003,82852167,3186621.80769231,26
"779","SFN",2004,82019166,2645779.5483871,31
"780","SFN",2005,90199500,3469211.53846154,26
"781","SFN",2006,90056419,3463708.42307692,26
"782","SFN",2007,90219056,3469963.69230769,26
"783","SFN",2008,76594500,2641189.65517241,29
"784","SFN",2009,83026450,2965230.35714286,28
"785","SFN",2010,98641333,3522904.75,28
"786","SFN",2011,118198333,4377716.03703704,27
"787","SFN",2012,117620683,3920689.43333333,30
"788","SFN",2013,140180334,5006440.5,28
"789","SFN",2014,163510167,5839648.82142857,28
"790","SFN",2015,164701500,6100055.55555556,27
"791","SFN",2016,172253778,6890151.12,25
"792","SLN",1985,11817083,472683.32,25
"793","SLN",1986,9875010,365741.111111111,27
"794","SLN",1987,11758000,379290.322580645,31
"795","SLN",1988,12880000,477037.037037037,27
"796","SLN",1989,16078833,574244.035714286,28
"797","SLN",1990,20523334,586380.971428571,35
"798","SLN",1991,21860001,753793.137931034,29
"799","SLN",1992,27583836,951166.75862069,29
"800","SLN",1993,23367334,778911.133333333,30
"801","SLN",1994,29275601,975853.366666667,30
"802","SLN",1995,37101000,976342.105263158,38
"803","SLN",1996,40269667,1220292.93939394,33
"804","SLN",1997,45456667,1262685.19444444,36
"805","SLN",1998,54672521,1562072.02857143,35
"806","SLN",1999,49778195,1382727.63888889,36
"807","SLN",2000,61453863,2276069,27
"808","SLN",2001,78538333,2617944.43333333,30
"809","SLN",2002,74660875,2871572.11538462,26
"810","SLN",2003,83786666,2702795.67741935,31
"811","SLN",2004,83228333,3201089.73076923,26
"812","SLN",2005,92106833,3542570.5,26
"813","SLN",2006,88891371,3292273,27
"814","SLN",2007,90286823,3224529.39285714,28
"815","SLN",2008,99624449,3018922.6969697,33
"816","SLN",2009,88528409,3278829.96296296,27
"817","SLN",2010,93540751,3741630.04,25
"818","SLN",2011,105433572,3904947.11111111,27
"819","SLN",2012,110300862,3939316.5,28
"820","SLN",2013,92260110,3295003.92857143,28
"821","SLN",2014,120693000,4310464.28571429,28
"822","SLN",2015,119241500,4586211.53846154,26
"823","SLN",2016,143053500,4614629.03225806,31
"824","TBA",1998,27280000,826666.666666667,33
"825","TBA",1999,38870000,1022894.73684211,38
"826","TBA",2000,62765129,2024681.58064516,31
"827","TBA",2001,56980000,2110370.37037037,27
"828","TBA",2002,34380000,1227857.14285714,28
"829","TBA",2003,19630000,785200,25
"830","TBA",2004,29556667,1094691.37037037,27
"831","TBA",2005,29679067,1023416.10344828,29
"832","TBA",2006,34917967,1293258.03703704,27
"833","TBA",2007,24123500,893462.962962963,27
"834","TBA",2008,43820597,1460686.56666667,30
"835","TBA",2009,63313034,2183208.06896552,29
"836","TBA",2010,71923471,2663832.25925926,27
"837","TBA",2011,41053571,1578983.5,26
"838","TBA",2012,64173500,2291910.71428571,28
"839","TBA",2013,52955272,2302403.13043478,23
"840","TBA",2014,72689100,2907564,25
"841","TBA",2015,64521233,2224870.10344828,29
"842","TBA",2016,57097310,2039189.64285714,28
"843","TEX",1985,7676500,383825,20
"844","TEX",1986,6743119,259350.730769231,26
"845","TEX",1987,880000,220000,4
"846","TEX",1988,5342131,242824.136363636,22
"847","TEX",1989,11893781,396459.366666667,30
"848","TEX",1990,14874372,402010.054054054,37
"849","TEX",1991,18224500,867833.333333333,21
"850","TEX",1992,30128167,971876.35483871,31
"851","TEX",1993,36376959,957288.394736842,38
"852","TEX",1994,32973597,999199.909090909,33
"853","TEX",1995,34581451,1017101.5,34
"854","TEX",1996,39041528,1183076.60606061,33
"855","TEX",1997,53448838,1444563.18918919,37
"856","TEX",1998,56572095,1885736.5,30
"857","TEX",1999,76709931,2556997.7,30
"858","TEX",2000,70795921,2722920.03846154,26
"859","TEX",2001,88633500,2859145.16129032,31
"860","TEX",2002,105526122,3768790.07142857,28
"861","TEX",2003,103491667,3449722.23333333,30
"862","TEX",2004,55050417,1898290.24137931,29
"863","TEX",2005,55849000,1801580.64516129,31
"864","TEX",2006,68228662,2200924.58064516,31
"865","TEX",2007,68318675,2439952.67857143,28
"866","TEX",2008,67712326,2334907.79310345,29
"867","TEX",2009,68178798,2350993.03448276,29
"868","TEX",2010,55250544,1905191.17241379,29
"869","TEX",2011,92299264,3182733.24137931,29
"870","TEX",2012,120510974,4635037.46153846,26
"871","TEX",2013,112522600,3880089.65517241,29
"872","TEX",2014,112255059,4677294.125,24
"873","TEX",2015,143742789,4791426.3,30
"874","TEX",2016,176038723,6070300.79310345,29
"875","TOR",1985,8812550,440627.5,20
"876","TOR",1986,12611047,467075.814814815,27
"877","TOR",1987,10479501,455630.47826087,23
"878","TOR",1988,12241225,470816.346153846,26
"879","TOR",1989,16261666,580773.785714286,28
"880","TOR",1990,17756834,657660.518518519,27
"881","TOR",1991,19902417,796096.68,25
"882","TOR",1992,44788666,1244129.61111111,36
"883","TOR",1993,47279166,1432702,33
"884","TOR",1994,43433668,1447788.93333333,30
"885","TOR",1995,50590000,1533030.3030303,33
"886","TOR",1996,29555083,895608.575757576,33
"887","TOR",1997,47079833,1426661.60606061,33
"888","TOR",1998,51376000,1605500,32
"889","TOR",1999,45444333,1420135.40625,32
"890","TOR",2000,44838332,1793533.28,25
"891","TOR",2001,76895999,2746285.67857143,28
"892","TOR",2002,76864333,2650494.24137931,29
"893","TOR",2003,51269000,1898851.85185185,27
"894","TOR",2004,50017000,1923730.76923077,26
"895","TOR",2005,45719500,1758442.30769231,26
"896","TOR",2006,71365000,2744807.69230769,26
"897","TOR",2007,81942800,3034918.51851852,27
"898","TOR",2008,97793900,3621996.2962963,27
"899","TOR",2009,80538300,2876367.85714286,28
"900","TOR",2010,62234000,2074466.66666667,30
"901","TOR",2011,62567800,2018316.12903226,31
"902","TOR",2012,75009200,2778118.51851852,27
"903","TOR",2013,126288100,4073809.67741935,31
"904","TOR",2014,109920100,4396804,25
"905","TOR",2015,112992400,4519696,25
"906","TOR",2016,138701700,4782817.24137931,29
"907","WAS",2005,48581500,1619383.33333333,30
"908","WAS",2006,63143000,2036870.96774194,31
"909","WAS",2007,36947500,1319553.57142857,28
"910","WAS",2008,54961000,1895206.89655172,29
"911","WAS",2009,59928000,2140285.71428571,28
"912","WAS",2010,61400000,2046666.66666667,30
"913","WAS",2011,63856928,2201963.03448276,29
"914","WAS",2012,80855143,2695171.43333333,30
"915","WAS",2013,113703270,4548130.8,25
"916","WAS",2014,131983680,4399456,30
"917","WAS",2015,155587472,5365085.24137931,29
"918","WAS",2016,141652646,5448178.69230769,26
